"Reference,""Qty"",""Value"",""DNP"",""Exclude from BOM"",""Exclude from Board"",""Footprint"",""Datasheet"""
"C1,C2,C3,C6,""4"",""470n"","""","""","""",""Capacitor_SMD:C_0603_1608Metric_Pad1.08x0.95mm_HandSolder"",""~"""
"C4,""1"",""100n"","""","""","""",""Capacitor_SMD:C_0603_1608Metric_Pad1.08x0.95mm_HandSolder"",""~"""
"C5,""1"",""470u"","""","""","""",""Capacitor_THT:CP_Radial_D10.0mm_P7.50mm"",""~"""
"D1,D2,D3,D4,D5,D6,""6"",""1N5819"","""","""","""",""Diode_SMD:D_0603_1608Metric_Pad1.05x0.95mm_HandSolder"",""~"""
"J1,""1"",""Screw_Terminal_01x02"","""","""","""",""TerminalBlock:TerminalBlock_Altech_AK300-2_P5.00mm"",""~"""
"J2,""1"",""Screw_Terminal_01x03"","""","""","""",""TerminalBlock:TerminalBlock_Altech_AK300-3_P5.00mm"",""~"""
"J3,""1"",""Conn_02x06_Counter_Clockwise"","""","""","""",""Connector_PinHeader_2.54mm:PinHeader_2x06_P2.54mm_Vertical"",""~"""
"J4,""1"",""Izlaz ocitavanje struje"","""","""","""",""Connector_PinHeader_2.54mm:PinHeader_1x04_P2.54mm_Vertical"",""~"""
"Q1,Q2,Q3,Q4,Q5,Q6,""6"",""N0436N"","""","""","""",""Package_TO_SOT_SMD:TO-252-2"",""https://ngspice.sourceforge.io/docs/ngspice-html-manual/manual.xhtml#cha_MOSFETs"""
"R1,R2,R3,""3"",""0.01"","""","""","""",""Resistor_SMD:R_Shunt_Vishay_WSR2_WSR3_KelvinConnection"",""~"""
"R4,R5,R6,R7,R8,R18,""6"",""20"","""","""","""",""Resistor_SMD:R_0603_1608Metric_Pad0.98x0.95mm_HandSolder"",""~"""
"R9,R10,R11,R12,R13,R14,""6"",""1k"","""","""","""",""Resistor_SMD:R_0603_1608Metric_Pad0.98x0.95mm_HandSolder"",""~"""
"R15,R16,R17,""3"",""33k"","""","""","""",""Resistor_SMD:R_0603_1608Metric_Pad0.98x0.95mm_HandSolder"",""~"""
"U1,""1"",""MCP8027T-H/Y4X"","""","""","""",""Package_QFP:TQFP-48-1EP_7x7mm_P0.5mm_EP3.5x3.5mm"",""MCP8027T-H/Y4X"""
